IAU_designation, NED_name, RA, Dec
J213437.6-235535, PMN J2134-2355, 323.657430, -23.927240
J002604-475617, MRC 0023-482, 6.520375, -47.938333